{"cameraMode":{"drawMode":0,"name":"Shaded","section":"Shading Mode"},"sceneLighting":true,"audioPlay":false,"sceneViewState":{"showFog":true,"showMaterialUpdate":false,"showSkybox":true,"showFlares":true,"showImageEffects":true,"showParticleSystems":true},"in2DMode":false,"pivot":{"x":0.14329364895820619,"y":1.2874974012374879,"z":0.9956907033920288},"rotation":{"x":-0.0243073683232069,"y":-0.0009026093175634742,"z":0.00002217611290689092,"w":-0.9997050166130066},"size":1.5571815967559815,"orthographic":false}