{"cameraMode":{"drawMode":0,"name":"Shaded","section":"Shading Mode"},"sceneLighting":true,"audioPlay":false,"sceneViewState":{"showFog":true,"showMaterialUpdate":false,"showSkybox":true,"showFlares":true,"showImageEffects":true,"showParticleSystems":true},"in2DMode":false,"pivot":{"x":0.17215049266815186,"y":1.0164387226104737,"z":2.8001298904418947},"rotation":{"x":0.09368114918470383,"y":0.11917882412672043,"z":-0.011295657604932785,"w":0.9883781671524048},"size":2.7630608081817629,"orthographic":false}