{"cameraMode":{"drawMode":0,"name":"Shaded","section":"Shading Mode"},"sceneLighting":true,"audioPlay":false,"sceneViewState":{"showFog":true,"showMaterialUpdate":false,"showSkybox":true,"showFlares":true,"showImageEffects":true,"showParticleSystems":true},"in2DMode":false,"pivot":{"x":0.12450416386127472,"y":0.29630929231643679,"z":0.09752997756004334},"rotation":{"x":0.08365112543106079,"y":-0.20038369297981263,"z":0.01717502810060978,"w":0.9759876132011414},"size":3.085296869277954,"orthographic":false}