{"cameraMode":{"drawMode":0,"name":"Shaded","section":"Shading Mode"},"sceneLighting":true,"audioPlay":false,"sceneViewState":{"showFog":true,"showMaterialUpdate":false,"showSkybox":true,"showFlares":true,"showImageEffects":true,"showParticleSystems":true},"in2DMode":false,"pivot":{"x":0.04488920420408249,"y":0.977057158946991,"z":0.13760286569595338},"rotation":{"x":0.09122423827648163,"y":0.05673122778534889,"z":-0.005205015651881695,"w":0.9941986799240112},"size":3.3852968215942385,"orthographic":false}